Mohan Lal,M,19,ml@gmail.com,9210392132
Ayush Singla,M,18,as@gmail.com,9245562142
Yash Gupta,M,17,yg@gmail.com,9210462542
Sanju Sabu,M,20,ss@gmail.com,9132210392
Samyak Bansal,M,22,sb@gmail.com,9938364221
Satya Kiran,M,10,sk@gmail.com,9746435272
Pranjay Gupta,M,11,pg@gmail.com,8964427422
Lakshya Boob,M,21,lb@gmail.com,7397545623
M Sathwic,M,43,ms@gmail.com,3746673456
Meet Jain,M,23,mj@gmail.com,9028373523
Abhay Ray,M,23,ar@gmail.com,9102982763
Madhur Saxena,M,12,ms@gmail.com,9783734572
Aritro Ghosh,M,22,ag@gmail.com,8273636732
Meghana,F,32,mm@gfail.cof,2837635278
Akansha Joshi,F,23,aj@gfail.cof,7763637387
Shobhit Gupta,M,12,sg@gmail.com,3738373637
Shardul Kurdukar,M,32,sk@gmail.com,8373738397
Ajay Babu,M,9,ab@gmail.com,8397465273
Nehul,M,4,n@gmail.com,8363527984
Saurabh,M,87,s@gmail.com,9283764732
Vikhyath,M,36,v@gmail.com,8735273233
Anand,M,38,a@gmail.com,9383653738
Aasim,M,22,a@gmail.com,9283763468
Chetan,M,33,c@gmail.com,9387378732
Mohit,M,34,m@gmail.com,9383772834
Harshini,F,19,hs@gmail.com,9823110234
Harini,F,30,hi@gmail.com,8234712345
